<application>
  <component name="libraryTable">
    <library name="@types/body-parser" type="javaScript">
      <CLASSES />
      <SOURCES />
    </library>
    <library name="@types/cookie-parser" type="javaScript">
      <CLASSES />
      <SOURCES />
    </library>
    <library name="@types/cors" type="javaScript">
      <CLASSES />
      <SOURCES />
    </library>
    <library name="@types/express" type="javaScript">
      <CLASSES />
      <SOURCES />
    </library>
    <library name="@types/faker" type="javaScript">
      <CLASSES />
      <SOURCES />
    </library>
    <library name="@types/hbs" type="javaScript">
      <CLASSES />
      <SOURCES />
    </library>
    <library name="@types/http-errors" type="javaScript">
      <CLASSES />
      <SOURCES />
    </library>
    <library name="@types/morgan" type="javaScript">
      <CLASSES />
      <SOURCES />
    </library>
    <library name="@types/node-sass-middleware" type="javaScript">
      <CLASSES />
      <SOURCES />
    </library>
  </component>
</application>