<application>
  <component name="ProjectManager">
    <defaultProject>
      <component name="CommitMessageInspectionProfile">
        <profile version="1.0">
          <inspection_tool class="BodyLimit" enabled="true" level="WARNING" enabled_by_default="true" />
          <inspection_tool class="SubjectBodySeparation" enabled="true" level="WARNING" enabled_by_default="true" />
          <inspection_tool class="SubjectLimit" enabled="true" level="WARNING" enabled_by_default="true" />
        </profile>
      </component>
      <component name="Encoding" addBOMForNewFiles="with NO BOM" />
      <component name="JavaScriptLibraryMappings">
        <includedPredefinedLibrary name="Node.js Core" />
      </component>
      <component name="JavaScriptSettings">
        <option name="languageLevel" value="ES6" />
      </component>
      <component name="JsFlowSettings">
        <service-enabled>true</service-enabled>
        <exe-path />
        <other-services-enabled>true</other-services-enabled>
        <auto-save>true</auto-save>
      </component>
      <component name="ProjectDictionaryState">
        <dictionary name="norbert" />
      </component>
      <component name="ProjectInspectionProfilesVisibleTreeState">
        <entry key="Project Default">
          <profile-state>
            <expanded-state>
              <State />
              <State>
                <id>Spelling</id>
              </State>
            </expanded-state>
            <selected-state>
              <State>
                <id>SpellCheckingInspection</id>
              </State>
            </selected-state>
          </profile-state>
        </entry>
      </component>
      <component name="PropertiesComponent">
        <property name="JavaScriptWeakerCompletionTypeGuess" value="true" />
        <property name="javascript.nodejs.core.library.configured.version" value="10.11.0" />
        <property name="last_opened_file_path" value="$USER_HOME$/.config/yarn/global/node_modules/tslint" />
        <property name="node.js.path.for.package.stylelint" value="project" />
        <property name="node.js.path.for.package.tslint" value="project" />
        <property name="node.js.selected.package.stylelint" value="$USER_HOME$/.config/yarn/global/node_modules/stylelint" />
        <property name="node.js.selected.package.tslint" value="$USER_HOME$/.config/yarn/global/node_modules/tslint" />
        <property name="nodejs_interpreter_path" value="node" />
        <property name="nodejs_interpreter_path.stuck_in_default_project" value="undefined stuck path" />
        <property name="nodejs_npm_path_reset_for_default_project" value="true" />
        <property name="nodejs_package_manager_path" value="yarn" />
        <property name="settings.editor.selected.configurable" value="preferences.pluginManager" />
      </component>
      <component name="VcsManagerConfiguration">
        <option name="CHECK_CODE_SMELLS_BEFORE_PROJECT_COMMIT" value="false" />
        <option name="CHECK_NEW_TODO" value="false" />
        <option name="WRAP_WHEN_TYPING_REACHES_RIGHT_MARGIN" value="true" />
      </component>
      <component name="masterDetails">
        <states>
          <state key="Copyright.UI">
            <settings>
              <splitter-proportions>
                <option name="proportions">
                  <list>
                    <option value="0.2" />
                  </list>
                </option>
              </splitter-proportions>
            </settings>
          </state>
        </states>
      </component>
    </defaultProject>
  </component>
</application>