<application>
  <component name="ApplicationTasksOptions">
    <global-watchers>
      <TaskOptions>
        <option name="arguments" value="$FileName$ -o $FileNameWithoutExtension$.min.js" />
        <option name="checkSyntaxErrors" value="true" />
        <option name="description" />
        <option name="exitCodeBehavior" value="ERROR" />
        <option name="fileExtension" value="js" />
        <option name="immediateSync" value="true" />
        <option name="name" value="UglifyJS" />
        <option name="output" value="$FileNameWithoutExtension$.min.js" />
        <option name="outputFilters">
          <array />
        </option>
        <option name="outputFromStdout" value="false" />
        <option name="program" value="uglifyjs" />
        <option name="runOnExternalChanges" value="true" />
        <option name="scopeName" value="Project Files" />
        <option name="trackOnlyRoot" value="true" />
        <option name="workingDir" value="$FileDir$" />
        <envs />
      </TaskOptions>
      <TaskOptions>
        <option name="arguments" value="$FilePathRelativeToProjectRoot$ --out-dir dist --source-maps --presets @babel/env" />
        <option name="checkSyntaxErrors" value="true" />
        <option name="description" />
        <option name="exitCodeBehavior" value="ERROR" />
        <option name="fileExtension" value="js" />
        <option name="immediateSync" value="true" />
        <option name="name" value="Babel" />
        <option name="output" value="dist/$FileDirRelativeToProjectRoot$/$FileNameWithoutExtension$.js:dist/$FileDirRelativeToProjectRoot$/$FileNameWithoutExtension$.js.map" />
        <option name="outputFilters">
          <array />
        </option>
        <option name="outputFromStdout" value="false" />
        <option name="program" value="$ProjectFileDir$/node_modules/.bin/babel" />
        <option name="runOnExternalChanges" value="true" />
        <option name="scopeName" value="Project Files" />
        <option name="trackOnlyRoot" value="false" />
        <option name="workingDir" value="$ContentRoot$" />
        <envs />
      </TaskOptions>
      <TaskOptions>
        <option name="arguments" value="$FileName$" />
        <option name="checkSyntaxErrors" value="true" />
        <option name="description" />
        <option name="exitCodeBehavior" value="ERROR" />
        <option name="fileExtension" value="jade" />
        <option name="immediateSync" value="true" />
        <option name="name" value="Pug/Jade" />
        <option name="output" value="$FileNameWithoutExtension$.html" />
        <option name="outputFilters">
          <array />
        </option>
        <option name="outputFromStdout" value="false" />
        <option name="program" value="pug" />
        <option name="runOnExternalChanges" value="true" />
        <option name="scopeName" value="Project Files" />
        <option name="trackOnlyRoot" value="true" />
        <option name="workingDir" value="$FileDir$" />
        <envs />
      </TaskOptions>
    </global-watchers>
  </component>
</application>